Workbook

Sheet ticket
A1: ticket_id | B1: created_at | C1: closed_at | D1: outlet_id | E1: cms_id
A2: isu-sjd-457 | B2: 2021-08-19 16:45:43 | C2: 2021-08-22 12:33:32 | D2: wrqy-juv-978 | E2: vew-iuvd-12
A3: qer-fal-092 | B3: 2021-08-21 11:09:22 | C3: 2021-08-21 17:13:45 | D3: 8woh-k3u-23b | E3: cms-xkd-88
A4: tpl-mno-331 | B4: 2021-08-21 09:30:00 | C4: 2021-08-21 09:55:00 | D4: wrqy-juv-978 | E4: cms-abc-01
A5: uvw-xyz-119 | B5: 2021-08-22 14:00:00 | C5: 2021-08-23 10:00:00 | D5: loc-bnm-445 | E5: cms-def-02
A6: rst-uvw-204 | B6: 2021-08-23 08:15:00 | C6: 2021-08-23 08:50:00 | D6: 8woh-k3u-23b | E6: cms-ghi-03
A7: lmn-opq-567 | B7: 2021-08-24 10:00:00 | C7: 2021-08-24 10:45:00 | D7: wrqy-juv-978 | E7: cms-jkl-04
A8: bcd-efg-789 | B8: 2021-08-24 13:30:00 | C8: 2021-08-25 09:00:00 | D8: loc-bnm-445 | E8: cms-mno-05
A9: hij-klm-321 | B9: 2021-08-25 11:00:00 | C9: 2021-08-25 11:40:00 | D9: 8woh-k3u-23b | E9: cms-pqr-06
A10: nop-qrs-654 | B10: 2021-08-25 15:20:00 | C10: 2021-08-26 08:00:00 | D10: wrqy-juv-978 | E10: cms-stu-07
A11: tuv-wxy-987 | B11: 2021-08-26 09:00:00 | C11: 2021-08-26 09:30:00 | D11: loc-bnm-445 | E11: cms-vwx-08

Sheet feedbacks
A1: cms_id | B1: feedback_at | C1: feedback_rating | D1: ticket_created_at | E1: Same Day? | F1: Same Hour? | G1: outlet_id
A2: vew-iuvd-12 | B2: 2021-08-21 13:26:48 | C2: 3 | D2: =IFERROR(INDEX(ticket!$B:$B,MATCH(A2,ticket!$E:$E,0)),"") -> 2021-08-19 16:45:43 | E2: =IF(AND(D2<>"",B2<>""),IF(INT(D2)=INT(B2),"Yes","No"),"") -> No | F2: =IF(AND(E2="Yes",HOUR(D2)=HOUR(B2)),"Yes","No") -> No | G2: =IFERROR(INDEX(ticket!$D:$D,MATCH(A2,ticket!$E:$E,0)),"") -> wrqy-juv-978
A3: cms-xkd-88 | B3: 2021-08-22 10:00:00 | C3: 4 | D3: =IFERROR(INDEX(ticket!$B:$B,MATCH(A3,ticket!$E:$E,0)),"") -> 2021-08-21 11:09:22 | E3: =IF(AND(D3<>"",B3<>""),IF(INT(D3)=INT(B3),"Yes","No"),"") -> No | F3: =IF(AND(E3="Yes",HOUR(D3)=HOUR(B3)),"Yes","No") -> No | G3: =IFERROR(INDEX(ticket!$D:$D,MATCH(A3,ticket!$E:$E,0)),"") -> 8woh-k3u-23b
A4: cms-abc-01 | B4: 2021-08-21 09:40:00 | C4: 5 | D4: =IFERROR(INDEX(ticket!$B:$B,MATCH(A4,ticket!$E:$E,0)),"") -> 2021-08-21 09:30:00 | E4: =IF(AND(D4<>"",B4<>""),IF(INT(D4)=INT(B4),"Yes","No"),"") -> Yes | F4: =IF(AND(E4="Yes",HOUR(D4)=HOUR(B4)),"Yes","No") -> Yes | G4: =IFERROR(INDEX(ticket!$D:$D,MATCH(A4,ticket!$E:$E,0)),"") -> wrqy-juv-978
A5: cms-def-02 | B5: 2021-08-23 14:30:00 | C5: 2 | D5: =IFERROR(INDEX(ticket!$B:$B,MATCH(A5,ticket!$E:$E,0)),"") -> 2021-08-22 14:00:00 | E5: =IF(AND(D5<>"",B5<>""),IF(INT(D5)=INT(B5),"Yes","No"),"") -> No | F5: =IF(AND(E5="Yes",HOUR(D5)=HOUR(B5)),"Yes","No") -> No | G5: =IFERROR(INDEX(ticket!$D:$D,MATCH(A5,ticket!$E:$E,0)),"") -> loc-bnm-445
A6: cms-ghi-03 | B6: 2021-08-23 08:30:00 | C6: 4 | D6: =IFERROR(INDEX(ticket!$B:$B,MATCH(A6,ticket!$E:$E,0)),"") -> 2021-08-23 08:15:00 | E6: =IF(AND(D6<>"",B6<>""),IF(INT(D6)=INT(B6),"Yes","No"),"") -> Yes | F6: =IF(AND(E6="Yes",HOUR(D6)=HOUR(B6)),"Yes","No") -> Yes | G6: =IFERROR(INDEX(ticket!$D:$D,MATCH(A6,ticket!$E:$E,0)),"") -> 8woh-k3u-23b
A7: cms-jkl-04 | B7: 2021-08-24 11:00:00 | C7: 3 | D7: =IFERROR(INDEX(ticket!$B:$B,MATCH(A7,ticket!$E:$E,0)),"") -> 2021-08-24 10:00:00 | E7: =IF(AND(D7<>"",B7<>""),IF(INT(D7)=INT(B7),"Yes","No"),"") -> Yes | F7: =IF(AND(E7="Yes",HOUR(D7)=HOUR(B7)),"Yes","No") -> No | G7: =IFERROR(INDEX(ticket!$D:$D,MATCH(A7,ticket!$E:$E,0)),"") -> wrqy-juv-978
A8: cms-mno-05 | B8: 2021-08-25 12:00:00 | C8: 5 | D8: =IFERROR(INDEX(ticket!$B:$B,MATCH(A8,ticket!$E:$E,0)),"") -> 2021-08-24 13:30:00 | E8: =IF(AND(D8<>"",B8<>""),IF(INT(D8)=INT(B8),"Yes","No"),"") -> No | F8: =IF(AND(E8="Yes",HOUR(D8)=HOUR(B8)),"Yes","No") -> No | G8: =IFERROR(INDEX(ticket!$D:$D,MATCH(A8,ticket!$E:$E,0)),"") -> loc-bnm-445
A9: cms-pqr-06 | B9: 2021-08-25 11:20:00 | C9: 4 | D9: =IFERROR(INDEX(ticket!$B:$B,MATCH(A9,ticket!$E:$E,0)),"") -> 2021-08-25 11:00:00 | E9: =IF(AND(D9<>"",B9<>""),IF(INT(D9)=INT(B9),"Yes","No"),"") -> Yes | F9: =IF(AND(E9="Yes",HOUR(D9)=HOUR(B9)),"Yes","No") -> Yes | G9: =IFERROR(INDEX(ticket!$D:$D,MATCH(A9,ticket!$E:$E,0)),"") -> 8woh-k3u-23b
A10: cms-stu-07 | B10: 2021-08-26 09:00:00 | C10: 2 | D10: =IFERROR(INDEX(ticket!$B:$B,MATCH(A10,ticket!$E:$E,0)),"") -> 2021-08-25 15:20:00 | E10: =IF(AND(D10<>"",B10<>""),IF(INT(D10)=INT(B10),"Yes","No"),"") -> No | F10: =IF(AND(E10="Yes",HOUR(D10)=HOUR(B10)),"Yes","No") -> No | G10: =IFERROR(INDEX(ticket!$D:$D,MATCH(A10,ticket!$E:$E,0)),"") -> wrqy-juv-978
A11: cms-vwx-08 | B11: 2021-08-26 09:15:00 | C11: 5 | D11: =IFERROR(INDEX(ticket!$B:$B,MATCH(A11,ticket!$E:$E,0)),"") -> 2021-08-26 09:00:00 | E11: =IF(AND(D11<>"",B11<>""),IF(INT(D11)=INT(B11),"Yes","No"),"") -> Yes | F11: =IF(AND(E11="Yes",HOUR(D11)=HOUR(B11)),"Yes","No") -> Yes | G11: =IFERROR(INDEX(ticket!$D:$D,MATCH(A11,ticket!$E:$E,0)),"") -> loc-bnm-445

Sheet Analysis
A1: Outlet-wise Ticket Analysis
A3: Q2a — Tickets created & closed on the SAME DAY
A4: Outlet ID | B4: Count (Same Day)
A5: wrqy-juv-978 | B5: =COUNTIFS(feedbacks!$G:$G,A5,feedbacks!$E:$E,"Yes") -> 2
A6: 8woh-k3u-23b | B6: =COUNTIFS(feedbacks!$G:$G,A6,feedbacks!$E:$E,"Yes") -> 2
A7: loc-bnm-445 | B7: =COUNTIFS(feedbacks!$G:$G,A7,feedbacks!$E:$E,"Yes") -> 1
A9: Q2b — Tickets created & closed in the SAME HOUR of the SAME DAY
A10: Outlet ID | B10: Count (Same Hour)
A11: wrqy-juv-978 | B11: =COUNTIFS(feedbacks!$G:$G,A11,feedbacks!$F:$F,"Yes") -> 1
A12: 8woh-k3u-23b | B12: =COUNTIFS(feedbacks!$G:$G,A12,feedbacks!$F:$F,"Yes") -> 2
A13: loc-bnm-445 | B13: =COUNTIFS(feedbacks!$G:$G,A13,feedbacks!$F:$F,"Yes") -> 1
A15: Notes: 'Same Day' = created_at date equals closed_at date | 'Same Hour' = same day AND same hour of day | Uses INT() to strip time for date comparison, HOUR() for hour extraction
